"LOCATION","INDICATOR","SUBJECT","MEASURE","FREQUENCY","TIME","Value","Flag Codes"
"AUS","SUICIDE","TOT","100000PER","A","1995",12.2,
"AUS","SUICIDE","TOT","100000PER","A","1996",13.5,
"AUS","SUICIDE","TOT","100000PER","A","1997",14.5,
"AUS","SUICIDE","TOT","100000PER","A","1998",14.1,"B"
"AUS","SUICIDE","TOT","100000PER","A","1999",13.3,
"AUS","SUICIDE","TOT","100000PER","A","2000",12.6,
"AUS","SUICIDE","TOT","100000PER","A","2001",12.8,
"AUS","SUICIDE","TOT","100000PER","A","2002",11.9,
"AUS","SUICIDE","TOT","100000PER","A","2003",10.9,
"AUS","SUICIDE","TOT","100000PER","A","2004",10.6,
"AUS","SUICIDE","TOT","100000PER","A","2006",10.5,
"AUS","SUICIDE","TOT","100000PER","A","2007",10.6,
"AUS","SUICIDE","TOT","100000PER","A","2008",10.9,
"AUS","SUICIDE","TOT","100000PER","A","2009",10.7,
"AUS","SUICIDE","TOT","100000PER","A","2010",10.9,
"AUS","SUICIDE","TOT","100000PER","A","2011",10.7,
"AUS","SUICIDE","TOT","100000PER","A","2012",11.4,
"AUS","SUICIDE","TOT","100000PER","A","2013",11.3,
"AUS","SUICIDE","TOT","100000PER","A","2014",12.5,
"AUS","SUICIDE","TOT","100000PER","A","2015",12.9,
"AUS","SUICIDE","TOT","100000PER","A","2016",11.9,
"AUT","SUICIDE","TOT","100000PER","A","1995",22.4,
"AUT","SUICIDE","TOT","100000PER","A","1996",22.3,
"AUT","SUICIDE","TOT","100000PER","A","1997",19.7,
"AUT","SUICIDE","TOT","100000PER","A","1998",19.5,
"AUT","SUICIDE","TOT","100000PER","A","1999",19.3,
"AUT","SUICIDE","TOT","100000PER","A","2000",19.4,
"AUT","SUICIDE","TOT","100000PER","A","2001",18,
"AUT","SUICIDE","TOT","100000PER","A","2002",18.6,"B"
"AUT","SUICIDE","TOT","100000PER","A","2003",17.4,
"AUT","SUICIDE","TOT","100000PER","A","2004",16.7,
"AUT","SUICIDE","TOT","100000PER","A","2005",16.2,
"AUT","SUICIDE","TOT","100000PER","A","2006",14.7,
"AUT","SUICIDE","TOT","100000PER","A","2007",14.6,
"AUT","SUICIDE","TOT","100000PER","A","2008",14.1,
"AUT","SUICIDE","TOT","100000PER","A","2009",14.1,
"AUT","SUICIDE","TOT","100000PER","A","2010",13.9,
"AUT","SUICIDE","TOT","100000PER","A","2011",14.1,
"AUT","SUICIDE","TOT","100000PER","A","2012",13.7,
"AUT","SUICIDE","TOT","100000PER","A","2013",13.6,
"AUT","SUICIDE","TOT","100000PER","A","2014",13.9,
"AUT","SUICIDE","TOT","100000PER","A","2015",12.9,
"AUT","SUICIDE","TOT","100000PER","A","2016",12.2,
"AUT","SUICIDE","TOT","100000PER","A","2017",12.4,
"BEL","SUICIDE","TOT","100000PER","A","1995",21.1,
"BEL","SUICIDE","TOT","100000PER","A","1996",19.6,
"BEL","SUICIDE","TOT","100000PER","A","1997",20.9,
"BEL","SUICIDE","TOT","100000PER","A","1998",19.6,"B"
"BEL","SUICIDE","TOT","100000PER","A","1999",17.8,
"BEL","SUICIDE","TOT","100000PER","A","2000",20.5,
"BEL","SUICIDE","TOT","100000PER","A","2001",20.5,
"BEL","SUICIDE","TOT","100000PER","A","2002",19.5,
"BEL","SUICIDE","TOT","100000PER","A","2003",19.7,
"BEL","SUICIDE","TOT","100000PER","A","2004",18.4,
"BEL","SUICIDE","TOT","100000PER","A","2005",18.6,
"BEL","SUICIDE","TOT","100000PER","A","2006",17.7,
"BEL","SUICIDE","TOT","100000PER","A","2007",16.7,
"BEL","SUICIDE","TOT","100000PER","A","2008",17.9,
"BEL","SUICIDE","TOT","100000PER","A","2009",17.9,
"BEL","SUICIDE","TOT","100000PER","A","2010",17.8,
"BEL","SUICIDE","TOT","100000PER","A","2011",18.1,
"BEL","SUICIDE","TOT","100000PER","A","2012",17.4,
"BEL","SUICIDE","TOT","100000PER","A","2013",16.2,
"BEL","SUICIDE","TOT","100000PER","A","2014",16.1,
"BEL","SUICIDE","TOT","100000PER","A","2015",15.8,
"BEL","SUICIDE","TOT","100000PER","A","2016",15.9,
"CAN","SUICIDE","TOT","100000PER","A","1995",13.4,
"CAN","SUICIDE","TOT","100000PER","A","1996",13.3,
"CAN","SUICIDE","TOT","100000PER","A","1997",12.3,
"CAN","SUICIDE","TOT","100000PER","A","1998",12.2,
"CAN","SUICIDE","TOT","100000PER","A","1999",13.2,
"CAN","SUICIDE","TOT","100000PER","A","2000",11.5,"B"
"CAN","SUICIDE","TOT","100000PER","A","2001",11.7,
"CAN","SUICIDE","TOT","100000PER","A","2002",11.5,
"CAN","SUICIDE","TOT","100000PER","A","2003",11.7,
"CAN","SUICIDE","TOT","100000PER","A","2004",11,
"CAN","SUICIDE","TOT","100000PER","A","2005",11.2,
"CAN","SUICIDE","TOT","100000PER","A","2006",10.8,
"CAN","SUICIDE","TOT","100000PER","A","2007",10.6,
"CAN","SUICIDE","TOT","100000PER","A","2008",10.7,
"CAN","SUICIDE","TOT","100000PER","A","2009",11.1,
"CAN","SUICIDE","TOT","100000PER","A","2010",11.1,
"CAN","SUICIDE","TOT","100000PER","A","2011",10.8,
"CAN","SUICIDE","TOT","100000PER","A","2012",10.8,
"CAN","SUICIDE","TOT","100000PER","A","2013",11.1,
"CAN","SUICIDE","TOT","100000PER","A","2014",11.5,
"CAN","SUICIDE","TOT","100000PER","A","2015",11.8,
"CZE","SUICIDE","TOT","100000PER","A","1995",17.7,
"CZE","SUICIDE","TOT","100000PER","A","1996",15.8,
"CZE","SUICIDE","TOT","100000PER","A","1997",16.5,
"CZE","SUICIDE","TOT","100000PER","A","1998",15.9,
"CZE","SUICIDE","TOT","100000PER","A","1999",15.9,
"CZE","SUICIDE","TOT","100000PER","A","2000",16,
"CZE","SUICIDE","TOT","100000PER","A","2001",15.7,
"CZE","SUICIDE","TOT","100000PER","A","2002",14.9,
"CZE","SUICIDE","TOT","100000PER","A","2003",16.7,
"CZE","SUICIDE","TOT","100000PER","A","2004",15,
"CZE","SUICIDE","TOT","100000PER","A","2005",14.8,
"CZE","SUICIDE","TOT","100000PER","A","2006",13.1,
"CZE","SUICIDE","TOT","100000PER","A","2007",12.7,
"CZE","SUICIDE","TOT","100000PER","A","2008",12.6,
"CZE","SUICIDE","TOT","100000PER","A","2009",13.2,
"CZE","SUICIDE","TOT","100000PER","A","2010",13.5,
"CZE","SUICIDE","TOT","100000PER","A","2011",14.3,
"CZE","SUICIDE","TOT","100000PER","A","2012",14.7,
"CZE","SUICIDE","TOT","100000PER","A","2013",14.2,
"CZE","SUICIDE","TOT","100000PER","A","2014",13.3,
"CZE","SUICIDE","TOT","100000PER","A","2015",12.3,
"CZE","SUICIDE","TOT","100000PER","A","2016",11.7,
"CZE","SUICIDE","TOT","100000PER","A","2017",12.4,
"DNK","SUICIDE","TOT","100000PER","A","1995",17.5,
"DNK","SUICIDE","TOT","100000PER","A","1996",16.8,
"DNK","SUICIDE","TOT","100000PER","A","1997",15.4,
"DNK","SUICIDE","TOT","100000PER","A","1998",14.2,
"DNK","SUICIDE","TOT","100000PER","A","1999",14.2,
"DNK","SUICIDE","TOT","100000PER","A","2000",13.5,
"DNK","SUICIDE","TOT","100000PER","A","2001",13.3,
"DNK","SUICIDE","TOT","100000PER","A","2002",12.5,
"DNK","SUICIDE","TOT","100000PER","A","2003",11.5,
"DNK","SUICIDE","TOT","100000PER","A","2004",12,
"DNK","SUICIDE","TOT","100000PER","A","2005",11.3,
"DNK","SUICIDE","TOT","100000PER","A","2006",11.6,
"DNK","SUICIDE","TOT","100000PER","A","2007",10.3,
"DNK","SUICIDE","TOT","100000PER","A","2008",10.7,
"DNK","SUICIDE","TOT","100000PER","A","2009",10.8,
"DNK","SUICIDE","TOT","100000PER","A","2010",9.8,
"DNK","SUICIDE","TOT","100000PER","A","2011",10.2,
"DNK","SUICIDE","TOT","100000PER","A","2012",11.3,
"DNK","SUICIDE","TOT","100000PER","A","2013",10.3,
"DNK","SUICIDE","TOT","100000PER","A","2014",10.6,
"DNK","SUICIDE","TOT","100000PER","A","2015",9.4,
"FIN","SUICIDE","TOT","100000PER","A","1995",26.9,
"FIN","SUICIDE","TOT","100000PER","A","1996",24,"B"
"FIN","SUICIDE","TOT","100000PER","A","1997",25.5,
"FIN","SUICIDE","TOT","100000PER","A","1998",23.5,
"FIN","SUICIDE","TOT","100000PER","A","1999",23.1,
"FIN","SUICIDE","TOT","100000PER","A","2000",22.1,
"FIN","SUICIDE","TOT","100000PER","A","2001",22.8,
"FIN","SUICIDE","TOT","100000PER","A","2002",20.7,
"FIN","SUICIDE","TOT","100000PER","A","2003",20.1,
"FIN","SUICIDE","TOT","100000PER","A","2004",20,
"FIN","SUICIDE","TOT","100000PER","A","2005",18.3,
"FIN","SUICIDE","TOT","100000PER","A","2006",19.6,
"FIN","SUICIDE","TOT","100000PER","A","2007",18.2,
"FIN","SUICIDE","TOT","100000PER","A","2008",19,
"FIN","SUICIDE","TOT","100000PER","A","2009",18.9,
"FIN","SUICIDE","TOT","100000PER","A","2010",17.3,
"FIN","SUICIDE","TOT","100000PER","A","2011",16.4,
"FIN","SUICIDE","TOT","100000PER","A","2012",15.6,
"FIN","SUICIDE","TOT","100000PER","A","2013",15.8,
"FIN","SUICIDE","TOT","100000PER","A","2014",14.1,
"FIN","SUICIDE","TOT","100000PER","A","2015",13.1,
"FIN","SUICIDE","TOT","100000PER","A","2016",13.9,
"FRA","SUICIDE","TOT","100000PER","A","1995",20.4,
"FRA","SUICIDE","TOT","100000PER","A","1996",19.4,
"FRA","SUICIDE","TOT","100000PER","A","1997",19,
"FRA","SUICIDE","TOT","100000PER","A","1998",18,
"FRA","SUICIDE","TOT","100000PER","A","1999",17.5,
"FRA","SUICIDE","TOT","100000PER","A","2000",18.2,"B"
"FRA","SUICIDE","TOT","100000PER","A","2001",17.5,
"FRA","SUICIDE","TOT","100000PER","A","2002",17.6,
"FRA","SUICIDE","TOT","100000PER","A","2003",17.8,
"FRA","SUICIDE","TOT","100000PER","A","2004",17.5,
"FRA","SUICIDE","TOT","100000PER","A","2005",17.1,
"FRA","SUICIDE","TOT","100000PER","A","2006",16.5,
"FRA","SUICIDE","TOT","100000PER","A","2007",15.8,
"FRA","SUICIDE","TOT","100000PER","A","2008",16.1,
"FRA","SUICIDE","TOT","100000PER","A","2009",16.2,
"FRA","SUICIDE","TOT","100000PER","A","2010",15.9,
"FRA","SUICIDE","TOT","100000PER","A","2011",15.8,
"FRA","SUICIDE","TOT","100000PER","A","2012",14.6,
"FRA","SUICIDE","TOT","100000PER","A","2013",14.3,
"FRA","SUICIDE","TOT","100000PER","A","2014",13.1,
"FRA","SUICIDE","TOT","100000PER","A","2015",13.1,
"DEU","SUICIDE","TOT","100000PER","A","1995",15.3,
"DEU","SUICIDE","TOT","100000PER","A","1996",14.4,
"DEU","SUICIDE","TOT","100000PER","A","1997",14.4,
"DEU","SUICIDE","TOT","100000PER","A","1998",13.6,"B"
"DEU","SUICIDE","TOT","100000PER","A","1999",12.9,
"DEU","SUICIDE","TOT","100000PER","A","2000",12.8,
"DEU","SUICIDE","TOT","100000PER","A","2001",12.8,
"DEU","SUICIDE","TOT","100000PER","A","2002",12.7,
"DEU","SUICIDE","TOT","100000PER","A","2003",12.6,
"DEU","SUICIDE","TOT","100000PER","A","2004",12,
"DEU","SUICIDE","TOT","100000PER","A","2005",11.4,
"DEU","SUICIDE","TOT","100000PER","A","2006",10.7,
"DEU","SUICIDE","TOT","100000PER","A","2007",10.2,
"DEU","SUICIDE","TOT","100000PER","A","2008",10.3,
"DEU","SUICIDE","TOT","100000PER","A","2009",10.3,
"DEU","SUICIDE","TOT","100000PER","A","2010",10.8,
"DEU","SUICIDE","TOT","100000PER","A","2011",10.8,
"DEU","SUICIDE","TOT","100000PER","A","2012",10.5,
"DEU","SUICIDE","TOT","100000PER","A","2013",10.8,
"DEU","SUICIDE","TOT","100000PER","A","2014",10.8,
"DEU","SUICIDE","TOT","100000PER","A","2015",10.6,
"DEU","SUICIDE","TOT","100000PER","A","2016",10.2,
"GRC","SUICIDE","TOT","100000PER","A","1995",3.5,
"GRC","SUICIDE","TOT","100000PER","A","1996",3.3,
"GRC","SUICIDE","TOT","100000PER","A","1997",3.4,
"GRC","SUICIDE","TOT","100000PER","A","1998",3.6,
"GRC","SUICIDE","TOT","100000PER","A","1999",3.4,
"GRC","SUICIDE","TOT","100000PER","A","2000",3.4,
"GRC","SUICIDE","TOT","100000PER","A","2001",2.9,
"GRC","SUICIDE","TOT","100000PER","A","2002",2.8,
"GRC","SUICIDE","TOT","100000PER","A","2003",3.3,
"GRC","SUICIDE","TOT","100000PER","A","2004",3,
"GRC","SUICIDE","TOT","100000PER","A","2005",3.4,
"GRC","SUICIDE","TOT","100000PER","A","2006",3.3,
"GRC","SUICIDE","TOT","100000PER","A","2007",2.8,
"GRC","SUICIDE","TOT","100000PER","A","2008",3.1,
"GRC","SUICIDE","TOT","100000PER","A","2009",3.2,
"GRC","SUICIDE","TOT","100000PER","A","2010",3.1,
"GRC","SUICIDE","TOT","100000PER","A","2011",3.9,
"GRC","SUICIDE","TOT","100000PER","A","2012",4.2,
"GRC","SUICIDE","TOT","100000PER","A","2013",4.5,
"GRC","SUICIDE","TOT","100000PER","A","2014",4.7,
"GRC","SUICIDE","TOT","100000PER","A","2015",4.4,
"GRC","SUICIDE","TOT","100000PER","A","2016",4,
"HUN","SUICIDE","TOT","100000PER","A","1995",33.8,
"HUN","SUICIDE","TOT","100000PER","A","1996",34.2,"B"
"HUN","SUICIDE","TOT","100000PER","A","1997",32.2,
"HUN","SUICIDE","TOT","100000PER","A","1998",32.1,
"HUN","SUICIDE","TOT","100000PER","A","1999",33.8,
"HUN","SUICIDE","TOT","100000PER","A","2000",33,
"HUN","SUICIDE","TOT","100000PER","A","2001",29.1,
"HUN","SUICIDE","TOT","100000PER","A","2002",27.8,
"HUN","SUICIDE","TOT","100000PER","A","2003",27.1,
"HUN","SUICIDE","TOT","100000PER","A","2004",26.5,
"HUN","SUICIDE","TOT","100000PER","A","2005",25.2,
"HUN","SUICIDE","TOT","100000PER","A","2006",23.4,
"HUN","SUICIDE","TOT","100000PER","A","2007",23.3,
"HUN","SUICIDE","TOT","100000PER","A","2008",23.4,
"HUN","SUICIDE","TOT","100000PER","A","2009",23.3,
"HUN","SUICIDE","TOT","100000PER","A","2010",23.4,
"HUN","SUICIDE","TOT","100000PER","A","2011",22.8,
"HUN","SUICIDE","TOT","100000PER","A","2012",22,
"HUN","SUICIDE","TOT","100000PER","A","2013",19.4,
"HUN","SUICIDE","TOT","100000PER","A","2014",17.8,
"HUN","SUICIDE","TOT","100000PER","A","2015",17.3,
"HUN","SUICIDE","TOT","100000PER","A","2016",16.2,
"HUN","SUICIDE","TOT","100000PER","A","2017",15.1,
"ISL","SUICIDE","TOT","100000PER","A","1995",10.7,
"ISL","SUICIDE","TOT","100000PER","A","1996",13.5,"B"
"ISL","SUICIDE","TOT","100000PER","A","1997",13.7,
"ISL","SUICIDE","TOT","100000PER","A","1998",11.3,
"ISL","SUICIDE","TOT","100000PER","A","1999",11.4,
"ISL","SUICIDE","TOT","100000PER","A","2000",18.1,
"ISL","SUICIDE","TOT","100000PER","A","2001",12.8,
"ISL","SUICIDE","TOT","100000PER","A","2002",10.3,
"ISL","SUICIDE","TOT","100000PER","A","2003",9.8,
"ISL","SUICIDE","TOT","100000PER","A","2004",12.5,
"ISL","SUICIDE","TOT","100000PER","A","2005",11.5,
"ISL","SUICIDE","TOT","100000PER","A","2006",10.8,
"ISL","SUICIDE","TOT","100000PER","A","2007",12,
"ISL","SUICIDE","TOT","100000PER","A","2008",12.4,
"ISL","SUICIDE","TOT","100000PER","A","2009",11.8,
"ISL","SUICIDE","TOT","100000PER","A","2010",14.8,
"ISL","SUICIDE","TOT","100000PER","A","2011",8.7,
"ISL","SUICIDE","TOT","100000PER","A","2012",11.6,
"ISL","SUICIDE","TOT","100000PER","A","2013",16,
"ISL","SUICIDE","TOT","100000PER","A","2014",13.8,
"ISL","SUICIDE","TOT","100000PER","A","2015",12.3,
"ISL","SUICIDE","TOT","100000PER","A","2016",12.1,
"ISL","SUICIDE","TOT","100000PER","A","2017",9.7,
"IRL","SUICIDE","TOT","100000PER","A","1995",11.8,
"IRL","SUICIDE","TOT","100000PER","A","1996",11.6,
"IRL","SUICIDE","TOT","100000PER","A","1997",13.1,
"IRL","SUICIDE","TOT","100000PER","A","1998",13.7,
"IRL","SUICIDE","TOT","100000PER","A","1999",11.6,
"IRL","SUICIDE","TOT","100000PER","A","2000",12.3,
"IRL","SUICIDE","TOT","100000PER","A","2001",12.8,
"IRL","SUICIDE","TOT","100000PER","A","2002",11.4,
"IRL","SUICIDE","TOT","100000PER","A","2003",11.5,
"IRL","SUICIDE","TOT","100000PER","A","2004",11.5,
"IRL","SUICIDE","TOT","100000PER","A","2005",10.8,
"IRL","SUICIDE","TOT","100000PER","A","2006",10.6,
"IRL","SUICIDE","TOT","100000PER","A","2007",10.4,"B"
"IRL","SUICIDE","TOT","100000PER","A","2008",11.5,
"IRL","SUICIDE","TOT","100000PER","A","2009",11.7,
"IRL","SUICIDE","TOT","100000PER","A","2010",10.8,
"IRL","SUICIDE","TOT","100000PER","A","2011",12.2,
"IRL","SUICIDE","TOT","100000PER","A","2012",12.1,
"IRL","SUICIDE","TOT","100000PER","A","2013",10.9,
"IRL","SUICIDE","TOT","100000PER","A","2014",10.7,
"IRL","SUICIDE","TOT","100000PER","A","2015",9.3,
"ITA","SUICIDE","TOT","100000PER","A","1995",7.7,
"ITA","SUICIDE","TOT","100000PER","A","1996",7.8,
"ITA","SUICIDE","TOT","100000PER","A","1997",7.7,
"ITA","SUICIDE","TOT","100000PER","A","1998",7.4,
"ITA","SUICIDE","TOT","100000PER","A","1999",6.7,
"ITA","SUICIDE","TOT","100000PER","A","2000",6.7,
"ITA","SUICIDE","TOT","100000PER","A","2001",6.5,
"ITA","SUICIDE","TOT","100000PER","A","2002",6.5,
"ITA","SUICIDE","TOT","100000PER","A","2003",6.4,"B"
"ITA","SUICIDE","TOT","100000PER","A","2004",6.2,
"ITA","SUICIDE","TOT","100000PER","A","2005",5.8,
"ITA","SUICIDE","TOT","100000PER","A","2006",5.6,
"ITA","SUICIDE","TOT","100000PER","A","2007",5.7,
"ITA","SUICIDE","TOT","100000PER","A","2008",5.8,
"ITA","SUICIDE","TOT","100000PER","A","2009",5.9,
"ITA","SUICIDE","TOT","100000PER","A","2010",5.8,
"ITA","SUICIDE","TOT","100000PER","A","2011",6.2,
"ITA","SUICIDE","TOT","100000PER","A","2012",6.3,
"ITA","SUICIDE","TOT","100000PER","A","2013",6.3,
"ITA","SUICIDE","TOT","100000PER","A","2014",6,
"ITA","SUICIDE","TOT","100000PER","A","2015",5.7,
"JPN","SUICIDE","TOT","100000PER","A","1995",16.9,"B"
"JPN","SUICIDE","TOT","100000PER","A","1996",17.2,
"JPN","SUICIDE","TOT","100000PER","A","1997",18,
"JPN","SUICIDE","TOT","100000PER","A","1998",23.9,
"JPN","SUICIDE","TOT","100000PER","A","1999",23.4,
"JPN","SUICIDE","TOT","100000PER","A","2000",22.3,
"JPN","SUICIDE","TOT","100000PER","A","2001",21.4,
"JPN","SUICIDE","TOT","100000PER","A","2002",21.7,
"JPN","SUICIDE","TOT","100000PER","A","2003",23.3,
"JPN","SUICIDE","TOT","100000PER","A","2004",21.9,
"JPN","SUICIDE","TOT","100000PER","A","2005",22.1,
"JPN","SUICIDE","TOT","100000PER","A","2006",21.6,
"JPN","SUICIDE","TOT","100000PER","A","2007",22.1,
"JPN","SUICIDE","TOT","100000PER","A","2008",21.8,
"JPN","SUICIDE","TOT","100000PER","A","2009",22.2,
"JPN","SUICIDE","TOT","100000PER","A","2010",21.2,
"JPN","SUICIDE","TOT","100000PER","A","2011",20.9,
"JPN","SUICIDE","TOT","100000PER","A","2012",19.1,
"JPN","SUICIDE","TOT","100000PER","A","2013",18.7,
"JPN","SUICIDE","TOT","100000PER","A","2014",17.6,
"JPN","SUICIDE","TOT","100000PER","A","2015",16.6,
"JPN","SUICIDE","TOT","100000PER","A","2016",15.2,
"KOR","SUICIDE","TOT","100000PER","A","1995",12.7,"B"
"KOR","SUICIDE","TOT","100000PER","A","1996",15.2,
"KOR","SUICIDE","TOT","100000PER","A","1997",15.6,
"KOR","SUICIDE","TOT","100000PER","A","1998",21.7,
"KOR","SUICIDE","TOT","100000PER","A","1999",18.1,
"KOR","SUICIDE","TOT","100000PER","A","2000",16.6,
"KOR","SUICIDE","TOT","100000PER","A","2001",18,
"KOR","SUICIDE","TOT","100000PER","A","2002",22.7,
"KOR","SUICIDE","TOT","100000PER","A","2003",28.1,
"KOR","SUICIDE","TOT","100000PER","A","2004",29.5,
"KOR","SUICIDE","TOT","100000PER","A","2005",29.9,
"KOR","SUICIDE","TOT","100000PER","A","2006",26.2,
"KOR","SUICIDE","TOT","100000PER","A","2007",28.7,
"KOR","SUICIDE","TOT","100000PER","A","2008",29,
"KOR","SUICIDE","TOT","100000PER","A","2009",33.8,
"KOR","SUICIDE","TOT","100000PER","A","2010",33.5,
"KOR","SUICIDE","TOT","100000PER","A","2011",33.3,
"KOR","SUICIDE","TOT","100000PER","A","2012",29.1,
"KOR","SUICIDE","TOT","100000PER","A","2013",28.7,
"KOR","SUICIDE","TOT","100000PER","A","2014",26.7,
"KOR","SUICIDE","TOT","100000PER","A","2015",25.8,
"KOR","SUICIDE","TOT","100000PER","A","2016",24.6,
"LUX","SUICIDE","TOT","100000PER","A","1995",15.2,
"LUX","SUICIDE","TOT","100000PER","A","1996",17.5,
"LUX","SUICIDE","TOT","100000PER","A","1997",19.6,
"LUX","SUICIDE","TOT","100000PER","A","1998",14.9,"B"
"LUX","SUICIDE","TOT","100000PER","A","1999",16.2,
"LUX","SUICIDE","TOT","100000PER","A","2000",14.5,
"LUX","SUICIDE","TOT","100000PER","A","2001",16.8,
"LUX","SUICIDE","TOT","100000PER","A","2002",19.2,
"LUX","SUICIDE","TOT","100000PER","A","2003",10.8,
"LUX","SUICIDE","TOT","100000PER","A","2004",13.5,
"LUX","SUICIDE","TOT","100000PER","A","2005",10.5,
"LUX","SUICIDE","TOT","100000PER","A","2006",13.5,
"LUX","SUICIDE","TOT","100000PER","A","2007",16.2,
"LUX","SUICIDE","TOT","100000PER","A","2008",8.4,
"LUX","SUICIDE","TOT","100000PER","A","2009",9.3,
"LUX","SUICIDE","TOT","100000PER","A","2010",10.3,
"LUX","SUICIDE","TOT","100000PER","A","2011",10.4,
"LUX","SUICIDE","TOT","100000PER","A","2012",9.4,
"LUX","SUICIDE","TOT","100000PER","A","2013",7.3,
"LUX","SUICIDE","TOT","100000PER","A","2014",11.8,
"LUX","SUICIDE","TOT","100000PER","A","2015",11.1,
"LUX","SUICIDE","TOT","100000PER","A","2016",7.2,
"MEX","SUICIDE","TOT","100000PER","A","1995",4.3,
"MEX","SUICIDE","TOT","100000PER","A","1996",4.1,
"MEX","SUICIDE","TOT","100000PER","A","1997",4.2,
"MEX","SUICIDE","TOT","100000PER","A","1998",4.1,"B"
"MEX","SUICIDE","TOT","100000PER","A","1999",4,
"MEX","SUICIDE","TOT","100000PER","A","2000",4.4,
"MEX","SUICIDE","TOT","100000PER","A","2001",4.5,
"MEX","SUICIDE","TOT","100000PER","A","2002",4.4,
"MEX","SUICIDE","TOT","100000PER","A","2003",4.6,
"MEX","SUICIDE","TOT","100000PER","A","2004",4.6,
"MEX","SUICIDE","TOT","100000PER","A","2005",4.9,
"MEX","SUICIDE","TOT","100000PER","A","2006",4.5,
"MEX","SUICIDE","TOT","100000PER","A","2007",4.5,
"MEX","SUICIDE","TOT","100000PER","A","2008",4.7,
"MEX","SUICIDE","TOT","100000PER","A","2009",5,
"MEX","SUICIDE","TOT","100000PER","A","2010",4.9,
"MEX","SUICIDE","TOT","100000PER","A","2011",5.1,
"MEX","SUICIDE","TOT","100000PER","A","2012",4.9,
"MEX","SUICIDE","TOT","100000PER","A","2013",5.1,
"MEX","SUICIDE","TOT","100000PER","A","2014",5.5,
"MEX","SUICIDE","TOT","100000PER","A","2015",5.5,
"MEX","SUICIDE","TOT","100000PER","A","2016",5.4,
"NLD","SUICIDE","TOT","100000PER","A","1995",9.8,
"NLD","SUICIDE","TOT","100000PER","A","1996",10.2,"B"
"NLD","SUICIDE","TOT","100000PER","A","1997",10.1,
"NLD","SUICIDE","TOT","100000PER","A","1998",9.6,
"NLD","SUICIDE","TOT","100000PER","A","1999",9.6,
"NLD","SUICIDE","TOT","100000PER","A","2000",9.4,
"NLD","SUICIDE","TOT","100000PER","A","2001",9.1,
"NLD","SUICIDE","TOT","100000PER","A","2002",9.6,
"NLD","SUICIDE","TOT","100000PER","A","2003",9.2,
"NLD","SUICIDE","TOT","100000PER","A","2004",9.1,
"NLD","SUICIDE","TOT","100000PER","A","2005",9.4,
"NLD","SUICIDE","TOT","100000PER","A","2006",9.1,
"NLD","SUICIDE","TOT","100000PER","A","2007",8,
"NLD","SUICIDE","TOT","100000PER","A","2008",8.4,
"NLD","SUICIDE","TOT","100000PER","A","2009",8.9,
"NLD","SUICIDE","TOT","100000PER","A","2010",9.2,
"NLD","SUICIDE","TOT","100000PER","A","2011",9.5,
"NLD","SUICIDE","TOT","100000PER","A","2012",10,
"NLD","SUICIDE","TOT","100000PER","A","2013",10.5,
"NLD","SUICIDE","TOT","100000PER","A","2014",10.4,
"NLD","SUICIDE","TOT","100000PER","A","2015",10.5,
"NLD","SUICIDE","TOT","100000PER","A","2016",10.5,
"NZL","SUICIDE","TOT","100000PER","A","1995",15.1,
"NZL","SUICIDE","TOT","100000PER","A","1996",14.7,
"NZL","SUICIDE","TOT","100000PER","A","1997",15.1,
"NZL","SUICIDE","TOT","100000PER","A","1998",15.5,
"NZL","SUICIDE","TOT","100000PER","A","1999",13.7,
"NZL","SUICIDE","TOT","100000PER","A","2000",12.3,"B"
"NZL","SUICIDE","TOT","100000PER","A","2001",13.5,
"NZL","SUICIDE","TOT","100000PER","A","2002",12.2,
"NZL","SUICIDE","TOT","100000PER","A","2003",13.3,
"NZL","SUICIDE","TOT","100000PER","A","2004",12.4,
"NZL","SUICIDE","TOT","100000PER","A","2005",12.7,
"NZL","SUICIDE","TOT","100000PER","A","2006",12.7,
"NZL","SUICIDE","TOT","100000PER","A","2007",11.9,
"NZL","SUICIDE","TOT","100000PER","A","2008",12.3,
"NZL","SUICIDE","TOT","100000PER","A","2009",12,
"NZL","SUICIDE","TOT","100000PER","A","2010",12.4,
"NZL","SUICIDE","TOT","100000PER","A","2011",11.3,
"NZL","SUICIDE","TOT","100000PER","A","2012",12.5,
"NZL","SUICIDE","TOT","100000PER","A","2013",11.8,
"NZL","SUICIDE","TOT","100000PER","A","2014",11.5,
"NOR","SUICIDE","TOT","100000PER","A","1995",12.7,
"NOR","SUICIDE","TOT","100000PER","A","1996",11.8,"B"
"NOR","SUICIDE","TOT","100000PER","A","1997",12.3,
"NOR","SUICIDE","TOT","100000PER","A","1998",12.5,
"NOR","SUICIDE","TOT","100000PER","A","1999",13.4,
"NOR","SUICIDE","TOT","100000PER","A","2000",12.3,
"NOR","SUICIDE","TOT","100000PER","A","2001",12.4,
"NOR","SUICIDE","TOT","100000PER","A","2002",11,
"NOR","SUICIDE","TOT","100000PER","A","2003",11.1,
"NOR","SUICIDE","TOT","100000PER","A","2004",11.8,
"NOR","SUICIDE","TOT","100000PER","A","2005",11.6,
"NOR","SUICIDE","TOT","100000PER","A","2006",11.5,
"NOR","SUICIDE","TOT","100000PER","A","2007",10.5,
"NOR","SUICIDE","TOT","100000PER","A","2008",10.6,
"NOR","SUICIDE","TOT","100000PER","A","2009",11.9,
"NOR","SUICIDE","TOT","100000PER","A","2010",11.2,
"NOR","SUICIDE","TOT","100000PER","A","2011",12.1,
"NOR","SUICIDE","TOT","100000PER","A","2012",10.2,
"NOR","SUICIDE","TOT","100000PER","A","2013",10.8,
"NOR","SUICIDE","TOT","100000PER","A","2014",10.5,
"NOR","SUICIDE","TOT","100000PER","A","2015",11.1,
"NOR","SUICIDE","TOT","100000PER","A","2016",11.6,
"POL","SUICIDE","TOT","100000PER","A","1995",15.2,
"POL","SUICIDE","TOT","100000PER","A","1996",14.9,
"POL","SUICIDE","TOT","100000PER","A","1999",15.3,"B"
"POL","SUICIDE","TOT","100000PER","A","2000",15.6,
"POL","SUICIDE","TOT","100000PER","A","2001",15.4,
"POL","SUICIDE","TOT","100000PER","A","2002",15.5,
"POL","SUICIDE","TOT","100000PER","A","2003",15.2,
"POL","SUICIDE","TOT","100000PER","A","2004",15.6,
"POL","SUICIDE","TOT","100000PER","A","2005",15.5,
"POL","SUICIDE","TOT","100000PER","A","2006",14.8,
"POL","SUICIDE","TOT","100000PER","A","2007",13.4,
"POL","SUICIDE","TOT","100000PER","A","2008",14.4,
"POL","SUICIDE","TOT","100000PER","A","2009",16.3,
"POL","SUICIDE","TOT","100000PER","A","2010",15.9,
"POL","SUICIDE","TOT","100000PER","A","2011",15.3,
"POL","SUICIDE","TOT","100000PER","A","2012",15.8,
"POL","SUICIDE","TOT","100000PER","A","2013",15.5,
"POL","SUICIDE","TOT","100000PER","A","2014",14.8,
"POL","SUICIDE","TOT","100000PER","A","2015",13.5,
"POL","SUICIDE","TOT","100000PER","A","2016",11.6,
"PRT","SUICIDE","TOT","100000PER","A","1995",8.2,
"PRT","SUICIDE","TOT","100000PER","A","1996",6.7,
"PRT","SUICIDE","TOT","100000PER","A","1997",6.2,
"PRT","SUICIDE","TOT","100000PER","A","1998",5.4,
"PRT","SUICIDE","TOT","100000PER","A","1999",5.2,
"PRT","SUICIDE","TOT","100000PER","A","2000",5,
"PRT","SUICIDE","TOT","100000PER","A","2001",7.1,
"PRT","SUICIDE","TOT","100000PER","A","2002",11.2,"B"
"PRT","SUICIDE","TOT","100000PER","A","2003",10.6,
"PRT","SUICIDE","TOT","100000PER","A","2007",8.9,
"PRT","SUICIDE","TOT","100000PER","A","2008",9,
"PRT","SUICIDE","TOT","100000PER","A","2009",8.9,
"PRT","SUICIDE","TOT","100000PER","A","2010",9.3,
"PRT","SUICIDE","TOT","100000PER","A","2011",8.6,
"PRT","SUICIDE","TOT","100000PER","A","2012",9,
"PRT","SUICIDE","TOT","100000PER","A","2013",8.7,
"PRT","SUICIDE","TOT","100000PER","A","2014",10.2,
"PRT","SUICIDE","TOT","100000PER","A","2015",9.3,
"PRT","SUICIDE","TOT","100000PER","A","2016",8.1,
"SVK","SUICIDE","TOT","100000PER","A","1995",15.1,
"SVK","SUICIDE","TOT","100000PER","A","1996",13.5,
"SVK","SUICIDE","TOT","100000PER","A","1997",12.9,
"SVK","SUICIDE","TOT","100000PER","A","1998",13.1,
"SVK","SUICIDE","TOT","100000PER","A","1999",13.6,
"SVK","SUICIDE","TOT","100000PER","A","2000",14.2,
"SVK","SUICIDE","TOT","100000PER","A","2001",13.5,
"SVK","SUICIDE","TOT","100000PER","A","2002",13.9,
"SVK","SUICIDE","TOT","100000PER","A","2003",14.3,
"SVK","SUICIDE","TOT","100000PER","A","2004",12.5,
"SVK","SUICIDE","TOT","100000PER","A","2005",12.6,
"SVK","SUICIDE","TOT","100000PER","A","2008",10.7,
"SVK","SUICIDE","TOT","100000PER","A","2009",10.8,
"SVK","SUICIDE","TOT","100000PER","A","2010",11.3,
"SVK","SUICIDE","TOT","100000PER","A","2012",10.2,
"SVK","SUICIDE","TOT","100000PER","A","2013",10.9,
"SVK","SUICIDE","TOT","100000PER","A","2014",9.7,
"ESP","SUICIDE","TOT","100000PER","A","1995",8,
"ESP","SUICIDE","TOT","100000PER","A","1996",8.4,
"ESP","SUICIDE","TOT","100000PER","A","1997",8.4,
"ESP","SUICIDE","TOT","100000PER","A","1998",8,
"ESP","SUICIDE","TOT","100000PER","A","1999",7.8,"B"
"ESP","SUICIDE","TOT","100000PER","A","2000",8.1,
"ESP","SUICIDE","TOT","100000PER","A","2001",7.4,
"ESP","SUICIDE","TOT","100000PER","A","2002",7.7,
"ESP","SUICIDE","TOT","100000PER","A","2003",7.8,
"ESP","SUICIDE","TOT","100000PER","A","2004",7.7,
"ESP","SUICIDE","TOT","100000PER","A","2005",7.3,
"ESP","SUICIDE","TOT","100000PER","A","2006",6.9,
"ESP","SUICIDE","TOT","100000PER","A","2007",6.7,
"ESP","SUICIDE","TOT","100000PER","A","2008",7,
"ESP","SUICIDE","TOT","100000PER","A","2009",6.9,
"ESP","SUICIDE","TOT","100000PER","A","2010",6.3,
"ESP","SUICIDE","TOT","100000PER","A","2011",6.3,
"ESP","SUICIDE","TOT","100000PER","A","2012",6.9,
"ESP","SUICIDE","TOT","100000PER","A","2013",7.5,
"ESP","SUICIDE","TOT","100000PER","A","2014",7.6,
"ESP","SUICIDE","TOT","100000PER","A","2015",6.9,
"ESP","SUICIDE","TOT","100000PER","A","2016",6.8,
"SWE","SUICIDE","TOT","100000PER","A","1995",15.1,
"SWE","SUICIDE","TOT","100000PER","A","1996",13.9,
"SWE","SUICIDE","TOT","100000PER","A","1997",13.4,"B"
"SWE","SUICIDE","TOT","100000PER","A","1998",13.6,
"SWE","SUICIDE","TOT","100000PER","A","1999",13.5,
"SWE","SUICIDE","TOT","100000PER","A","2000",12.4,
"SWE","SUICIDE","TOT","100000PER","A","2001",13,
"SWE","SUICIDE","TOT","100000PER","A","2002",12.9,
"SWE","SUICIDE","TOT","100000PER","A","2003",12,
"SWE","SUICIDE","TOT","100000PER","A","2004",12.4,
"SWE","SUICIDE","TOT","100000PER","A","2005",13.1,
"SWE","SUICIDE","TOT","100000PER","A","2006",12.7,
"SWE","SUICIDE","TOT","100000PER","A","2007",11.9,
"SWE","SUICIDE","TOT","100000PER","A","2008",12.2,
"SWE","SUICIDE","TOT","100000PER","A","2009",12.9,
"SWE","SUICIDE","TOT","100000PER","A","2010",11.7,
"SWE","SUICIDE","TOT","100000PER","A","2011",11.4,
"SWE","SUICIDE","TOT","100000PER","A","2012",11.6,
"SWE","SUICIDE","TOT","100000PER","A","2013",12.3,
"SWE","SUICIDE","TOT","100000PER","A","2014",11.4,
"SWE","SUICIDE","TOT","100000PER","A","2015",11.7,
"SWE","SUICIDE","TOT","100000PER","A","2016",11.1,
"CHE","SUICIDE","TOT","100000PER","A","1995",20.1,"B"
"CHE","SUICIDE","TOT","100000PER","A","1996",20.1,
"CHE","SUICIDE","TOT","100000PER","A","1997",18.7,
"CHE","SUICIDE","TOT","100000PER","A","1998",19,
"CHE","SUICIDE","TOT","100000PER","A","1999",17.7,
"CHE","SUICIDE","TOT","100000PER","A","2000",18.7,
"CHE","SUICIDE","TOT","100000PER","A","2001",18,
"CHE","SUICIDE","TOT","100000PER","A","2002",19,
"CHE","SUICIDE","TOT","100000PER","A","2003",16.6,
"CHE","SUICIDE","TOT","100000PER","A","2004",16.6,
"CHE","SUICIDE","TOT","100000PER","A","2005",16.6,
"CHE","SUICIDE","TOT","100000PER","A","2006",16.5,
"CHE","SUICIDE","TOT","100000PER","A","2007",16.9,
"CHE","SUICIDE","TOT","100000PER","A","2008",16,
"CHE","SUICIDE","TOT","100000PER","A","2009",13.4,
"CHE","SUICIDE","TOT","100000PER","A","2010",11.9,
"CHE","SUICIDE","TOT","100000PER","A","2011",12.1,
"CHE","SUICIDE","TOT","100000PER","A","2012",12,
"CHE","SUICIDE","TOT","100000PER","A","2013",12.2,
"CHE","SUICIDE","TOT","100000PER","A","2014",11.4,
"CHE","SUICIDE","TOT","100000PER","A","2015",11.9,
"CHE","SUICIDE","TOT","100000PER","A","2016",11.2,
"GBR","SUICIDE","TOT","100000PER","A","1995",7.4,
"GBR","SUICIDE","TOT","100000PER","A","1996",7.1,
"GBR","SUICIDE","TOT","100000PER","A","1997",7,
"GBR","SUICIDE","TOT","100000PER","A","1998",7.4,
"GBR","SUICIDE","TOT","100000PER","A","1999",7.5,
"GBR","SUICIDE","TOT","100000PER","A","2001",7,"B"
"GBR","SUICIDE","TOT","100000PER","A","2002",6.9,
"GBR","SUICIDE","TOT","100000PER","A","2003",6.6,
"GBR","SUICIDE","TOT","100000PER","A","2004",6.9,
"GBR","SUICIDE","TOT","100000PER","A","2005",6.7,
"GBR","SUICIDE","TOT","100000PER","A","2006",6.7,
"GBR","SUICIDE","TOT","100000PER","A","2007",6.3,
"GBR","SUICIDE","TOT","100000PER","A","2008",6.9,
"GBR","SUICIDE","TOT","100000PER","A","2009",6.8,
"GBR","SUICIDE","TOT","100000PER","A","2010",6.7,
"GBR","SUICIDE","TOT","100000PER","A","2011",6.9,
"GBR","SUICIDE","TOT","100000PER","A","2012",6.9,
"GBR","SUICIDE","TOT","100000PER","A","2013",7.5,
"GBR","SUICIDE","TOT","100000PER","A","2014",7.4,
"GBR","SUICIDE","TOT","100000PER","A","2015",7.5,
"GBR","SUICIDE","TOT","100000PER","A","2016",7.3,
"USA","SUICIDE","TOT","100000PER","A","1995",12.4,
"USA","SUICIDE","TOT","100000PER","A","1996",12.1,
"USA","SUICIDE","TOT","100000PER","A","1997",11.9,
"USA","SUICIDE","TOT","100000PER","A","1998",11.7,
"USA","SUICIDE","TOT","100000PER","A","1999",11.1,"B"
"USA","SUICIDE","TOT","100000PER","A","2000",10.8,
"USA","SUICIDE","TOT","100000PER","A","2001",11.1,
"USA","SUICIDE","TOT","100000PER","A","2002",11.3,
"USA","SUICIDE","TOT","100000PER","A","2003",11.1,
"USA","SUICIDE","TOT","100000PER","A","2004",11.3,
"USA","SUICIDE","TOT","100000PER","A","2005",11.2,
"USA","SUICIDE","TOT","100000PER","A","2006",11.3,
"USA","SUICIDE","TOT","100000PER","A","2007",11.7,
"USA","SUICIDE","TOT","100000PER","A","2008",12,
"USA","SUICIDE","TOT","100000PER","A","2009",12.2,
"USA","SUICIDE","TOT","100000PER","A","2010",12.5,
"USA","SUICIDE","TOT","100000PER","A","2011",12.8,
"USA","SUICIDE","TOT","100000PER","A","2012",13,
"USA","SUICIDE","TOT","100000PER","A","2013",13.1,
"USA","SUICIDE","TOT","100000PER","A","2014",13.5,
"USA","SUICIDE","TOT","100000PER","A","2015",13.8,
"USA","SUICIDE","TOT","100000PER","A","2016",13.9,
"BRA","SUICIDE","TOT","100000PER","A","1995",5.4,
"BRA","SUICIDE","TOT","100000PER","A","1996",5.5,"B"
"BRA","SUICIDE","TOT","100000PER","A","1997",5.4,
"BRA","SUICIDE","TOT","100000PER","A","1998",5.3,
"BRA","SUICIDE","TOT","100000PER","A","1999",4.8,
"BRA","SUICIDE","TOT","100000PER","A","2000",5,
"BRA","SUICIDE","TOT","100000PER","A","2001",5.4,
"BRA","SUICIDE","TOT","100000PER","A","2002",5.2,
"BRA","SUICIDE","TOT","100000PER","A","2003",5.1,
"BRA","SUICIDE","TOT","100000PER","A","2004",5.2,
"BRA","SUICIDE","TOT","100000PER","A","2005",5.5,
"BRA","SUICIDE","TOT","100000PER","A","2006",5.3,
"BRA","SUICIDE","TOT","100000PER","A","2007",5.4,
"BRA","SUICIDE","TOT","100000PER","A","2008",5.5,
"BRA","SUICIDE","TOT","100000PER","A","2009",5.5,
"BRA","SUICIDE","TOT","100000PER","A","2010",5.4,
"BRA","SUICIDE","TOT","100000PER","A","2011",5.6,
"BRA","SUICIDE","TOT","100000PER","A","2012",5.8,
"BRA","SUICIDE","TOT","100000PER","A","2013",5.8,
"BRA","SUICIDE","TOT","100000PER","A","2014",5.7,
"BRA","SUICIDE","TOT","100000PER","A","2015",6,
"CHL","SUICIDE","TOT","100000PER","A","1995",7.9,
"CHL","SUICIDE","TOT","100000PER","A","1996",7.5,
"CHL","SUICIDE","TOT","100000PER","A","1997",7.3,"B"
"CHL","SUICIDE","TOT","100000PER","A","1998",8.2,
"CHL","SUICIDE","TOT","100000PER","A","1999",8.1,
"CHL","SUICIDE","TOT","100000PER","A","2000",11.1,
"CHL","SUICIDE","TOT","100000PER","A","2001",11.7,
"CHL","SUICIDE","TOT","100000PER","A","2002",11.5,
"CHL","SUICIDE","TOT","100000PER","A","2003",11.6,
"CHL","SUICIDE","TOT","100000PER","A","2004",11.8,
"CHL","SUICIDE","TOT","100000PER","A","2005",11.2,
"CHL","SUICIDE","TOT","100000PER","A","2006",11.7,
"CHL","SUICIDE","TOT","100000PER","A","2007",11.8,
"CHL","SUICIDE","TOT","100000PER","A","2008",13.1,
"CHL","SUICIDE","TOT","100000PER","A","2009",13.3,
"CHL","SUICIDE","TOT","100000PER","A","2010",12.2,
"CHL","SUICIDE","TOT","100000PER","A","2011",12.3,
"CHL","SUICIDE","TOT","100000PER","A","2012",11,
"CHL","SUICIDE","TOT","100000PER","A","2013",10.3,
"CHL","SUICIDE","TOT","100000PER","A","2014",10.4,
"CHL","SUICIDE","TOT","100000PER","A","2015",10.7,
"CHL","SUICIDE","TOT","100000PER","A","2016",10.7,
"EST","SUICIDE","TOT","100000PER","A","1995",42.7,
"EST","SUICIDE","TOT","100000PER","A","1996",41,
"EST","SUICIDE","TOT","100000PER","A","1997",38.5,"B"
"EST","SUICIDE","TOT","100000PER","A","1998",35.2,
"EST","SUICIDE","TOT","100000PER","A","1999",34.7,
"EST","SUICIDE","TOT","100000PER","A","2000",26.9,
"EST","SUICIDE","TOT","100000PER","A","2001",29.1,
"EST","SUICIDE","TOT","100000PER","A","2002",26.7,
"EST","SUICIDE","TOT","100000PER","A","2003",24.5,
"EST","SUICIDE","TOT","100000PER","A","2004",23.5,
"EST","SUICIDE","TOT","100000PER","A","2005",19.6,
"EST","SUICIDE","TOT","100000PER","A","2006",17.3,
"EST","SUICIDE","TOT","100000PER","A","2007",18.2,
"EST","SUICIDE","TOT","100000PER","A","2008",17.3,
"EST","SUICIDE","TOT","100000PER","A","2009",19.3,
"EST","SUICIDE","TOT","100000PER","A","2010",15.9,
"EST","SUICIDE","TOT","100000PER","A","2011",15.3,
"EST","SUICIDE","TOT","100000PER","A","2012",16.6,
"EST","SUICIDE","TOT","100000PER","A","2013",15.3,
"EST","SUICIDE","TOT","100000PER","A","2014",17.5,
"EST","SUICIDE","TOT","100000PER","A","2015",14.1,
"EST","SUICIDE","TOT","100000PER","A","2016",13,
"ISR","SUICIDE","TOT","100000PER","A","1995",8.4,
"ISR","SUICIDE","TOT","100000PER","A","1996",6.8,
"ISR","SUICIDE","TOT","100000PER","A","1997",8,
"ISR","SUICIDE","TOT","100000PER","A","1998",6.6,"B"
"ISR","SUICIDE","TOT","100000PER","A","1999",7.2,
"ISR","SUICIDE","TOT","100000PER","A","2000",7.3,
"ISR","SUICIDE","TOT","100000PER","A","2001",7.3,
"ISR","SUICIDE","TOT","100000PER","A","2002",6.8,
"ISR","SUICIDE","TOT","100000PER","A","2003",7.5,
"ISR","SUICIDE","TOT","100000PER","A","2004",7.1,
"ISR","SUICIDE","TOT","100000PER","A","2005",7.3,
"ISR","SUICIDE","TOT","100000PER","A","2006",6,
"ISR","SUICIDE","TOT","100000PER","A","2007",5.3,
"ISR","SUICIDE","TOT","100000PER","A","2008",5.7,
"ISR","SUICIDE","TOT","100000PER","A","2009",6.2,
"ISR","SUICIDE","TOT","100000PER","A","2010",7.4,
"ISR","SUICIDE","TOT","100000PER","A","2011",6.2,
"ISR","SUICIDE","TOT","100000PER","A","2012",6.4,
"ISR","SUICIDE","TOT","100000PER","A","2013",5.5,
"ISR","SUICIDE","TOT","100000PER","A","2014",5.5,
"ISR","SUICIDE","TOT","100000PER","A","2015",4.9,
"ISR","SUICIDE","TOT","100000PER","A","2016",5.4,
"RUS","SUICIDE","TOT","100000PER","A","1995",43.4,
"RUS","SUICIDE","TOT","100000PER","A","1996",40.9,
"RUS","SUICIDE","TOT","100000PER","A","1997",38.7,
"RUS","SUICIDE","TOT","100000PER","A","1998",36.3,
"RUS","SUICIDE","TOT","100000PER","A","1999",39.9,"B"
"RUS","SUICIDE","TOT","100000PER","A","2000",39.5,
"RUS","SUICIDE","TOT","100000PER","A","2001",39.5,
"RUS","SUICIDE","TOT","100000PER","A","2002",38.1,
"RUS","SUICIDE","TOT","100000PER","A","2003",35.6,
"RUS","SUICIDE","TOT","100000PER","A","2004",33.7,
"RUS","SUICIDE","TOT","100000PER","A","2005",31.3,
"RUS","SUICIDE","TOT","100000PER","A","2006",29.1,
"RUS","SUICIDE","TOT","100000PER","A","2007",28,
"RUS","SUICIDE","TOT","100000PER","A","2008",26.1,
"RUS","SUICIDE","TOT","100000PER","A","2009",25.4,
"RUS","SUICIDE","TOT","100000PER","A","2010",22.5,
"RUS","SUICIDE","TOT","100000PER","A","2011",21,
"RUS","SUICIDE","TOT","100000PER","A","2012",20,
"RUS","SUICIDE","TOT","100000PER","A","2013",19.3,
"RUS","SUICIDE","TOT","100000PER","A","2014",17.9,
"SVN","SUICIDE","TOT","100000PER","A","1995",29,
"SVN","SUICIDE","TOT","100000PER","A","1996",31.1,
"SVN","SUICIDE","TOT","100000PER","A","1997",30,"B"
"SVN","SUICIDE","TOT","100000PER","A","1998",30.9,
"SVN","SUICIDE","TOT","100000PER","A","1999",29.7,
"SVN","SUICIDE","TOT","100000PER","A","2000",29.3,
"SVN","SUICIDE","TOT","100000PER","A","2001",28.6,
"SVN","SUICIDE","TOT","100000PER","A","2002",26.1,
"SVN","SUICIDE","TOT","100000PER","A","2003",27.1,
"SVN","SUICIDE","TOT","100000PER","A","2004",24,
"SVN","SUICIDE","TOT","100000PER","A","2005",23.6,
"SVN","SUICIDE","TOT","100000PER","A","2006",24.6,
"SVN","SUICIDE","TOT","100000PER","A","2007",19.9,
"SVN","SUICIDE","TOT","100000PER","A","2008",18.6,
"SVN","SUICIDE","TOT","100000PER","A","2009",20,
"SVN","SUICIDE","TOT","100000PER","A","2010",18.6,
"SVN","SUICIDE","TOT","100000PER","A","2011",19.3,
"SVN","SUICIDE","TOT","100000PER","A","2012",19.3,
"SVN","SUICIDE","TOT","100000PER","A","2013",19.6,
"SVN","SUICIDE","TOT","100000PER","A","2014",16.9,
"SVN","SUICIDE","TOT","100000PER","A","2015",18.1,
"ZAF","SUICIDE","TOT","100000PER","A","1996",0.5,"B"
"ZAF","SUICIDE","TOT","100000PER","A","1997",0.4,
"ZAF","SUICIDE","TOT","100000PER","A","1998",0.6,
"ZAF","SUICIDE","TOT","100000PER","A","1999",0.8,
"ZAF","SUICIDE","TOT","100000PER","A","2000",0.7,
"ZAF","SUICIDE","TOT","100000PER","A","2001",0.9,
"ZAF","SUICIDE","TOT","100000PER","A","2002",0.6,
"ZAF","SUICIDE","TOT","100000PER","A","2003",0.7,
"ZAF","SUICIDE","TOT","100000PER","A","2004",1,
"ZAF","SUICIDE","TOT","100000PER","A","2005",1.2,
"ZAF","SUICIDE","TOT","100000PER","A","2006",1.3,
"ZAF","SUICIDE","TOT","100000PER","A","2007",1,
"ZAF","SUICIDE","TOT","100000PER","A","2008",1.1,
"ZAF","SUICIDE","TOT","100000PER","A","2009",0.8,
"ZAF","SUICIDE","TOT","100000PER","A","2010",0.9,
"ZAF","SUICIDE","TOT","100000PER","A","2011",0.8,
"ZAF","SUICIDE","TOT","100000PER","A","2012",1.1,
"ZAF","SUICIDE","TOT","100000PER","A","2013",1.3,
"ZAF","SUICIDE","TOT","100000PER","A","2014",1.2,
"ZAF","SUICIDE","TOT","100000PER","A","2015",1,
"TUR","SUICIDE","TOT","100000PER","A","2009",2,"D"
"TUR","SUICIDE","TOT","100000PER","A","2010",2.4,"D"
"TUR","SUICIDE","TOT","100000PER","A","2011",1.7,"D"
"TUR","SUICIDE","TOT","100000PER","A","2012",2.1,"D"
"TUR","SUICIDE","TOT","100000PER","A","2013",2.6,"D"
"TUR","SUICIDE","TOT","100000PER","A","2014",2.3,"D"
"TUR","SUICIDE","TOT","100000PER","A","2015",2.1,"D"
"TUR","SUICIDE","TOT","100000PER","A","2016",2.6,"D"
"COL","SUICIDE","TOT","100000PER","A","1995",4.1,
"COL","SUICIDE","TOT","100000PER","A","1996",4.2,
"COL","SUICIDE","TOT","100000PER","A","1997",4,"B"
"COL","SUICIDE","TOT","100000PER","A","1998",6.8,
"COL","SUICIDE","TOT","100000PER","A","1999",6.4,
"COL","SUICIDE","TOT","100000PER","A","2000",6.7,
"COL","SUICIDE","TOT","100000PER","A","2001",6.7,
"COL","SUICIDE","TOT","100000PER","A","2002",6.2,
"COL","SUICIDE","TOT","100000PER","A","2003",6.1,
"COL","SUICIDE","TOT","100000PER","A","2004",6.1,
"COL","SUICIDE","TOT","100000PER","A","2005",5.8,
"COL","SUICIDE","TOT","100000PER","A","2006",5.6,
"COL","SUICIDE","TOT","100000PER","A","2007",5.4,
"COL","SUICIDE","TOT","100000PER","A","2008",5.5,
"COL","SUICIDE","TOT","100000PER","A","2009",5.4,
"COL","SUICIDE","TOT","100000PER","A","2010",4.9,
"COL","SUICIDE","TOT","100000PER","A","2011",4.7,
"COL","SUICIDE","TOT","100000PER","A","2012",4.8,
"COL","SUICIDE","TOT","100000PER","A","2013",4.7,
"COL","SUICIDE","TOT","100000PER","A","2014",4.8,
"COL","SUICIDE","TOT","100000PER","A","2015",5.2,
"LVA","SUICIDE","TOT","100000PER","A","1995",42,
"LVA","SUICIDE","TOT","100000PER","A","1996",38,
"LVA","SUICIDE","TOT","100000PER","A","1997",36.7,
"LVA","SUICIDE","TOT","100000PER","A","1998",34.9,
"LVA","SUICIDE","TOT","100000PER","A","1999",31.9,
"LVA","SUICIDE","TOT","100000PER","A","2000",32.9,
"LVA","SUICIDE","TOT","100000PER","A","2001",30.2,
"LVA","SUICIDE","TOT","100000PER","A","2002",29,
"LVA","SUICIDE","TOT","100000PER","A","2003",26,
"LVA","SUICIDE","TOT","100000PER","A","2004",24.2,
"LVA","SUICIDE","TOT","100000PER","A","2005",24.4,
"LVA","SUICIDE","TOT","100000PER","A","2006",21.1,
"LVA","SUICIDE","TOT","100000PER","A","2007",19.9,
"LVA","SUICIDE","TOT","100000PER","A","2008",23.1,
"LVA","SUICIDE","TOT","100000PER","A","2009",23.1,
"LVA","SUICIDE","TOT","100000PER","A","2010",19.7,
"LVA","SUICIDE","TOT","100000PER","A","2011",19.9,
"LVA","SUICIDE","TOT","100000PER","A","2012",20.5,
"LVA","SUICIDE","TOT","100000PER","A","2013",17.8,
"LVA","SUICIDE","TOT","100000PER","A","2014",18.1,
"LVA","SUICIDE","TOT","100000PER","A","2015",18.1,
"LTU","SUICIDE","TOT","100000PER","A","1995",50,
"LTU","SUICIDE","TOT","100000PER","A","1996",51,
"LTU","SUICIDE","TOT","100000PER","A","1997",48,
"LTU","SUICIDE","TOT","100000PER","A","1998",46.3,
"LTU","SUICIDE","TOT","100000PER","A","1999",46,
"LTU","SUICIDE","TOT","100000PER","A","2000",48.4,
"LTU","SUICIDE","TOT","100000PER","A","2001",45.7,
"LTU","SUICIDE","TOT","100000PER","A","2002",46,
"LTU","SUICIDE","TOT","100000PER","A","2003",43,
"LTU","SUICIDE","TOT","100000PER","A","2004",41.1,
"LTU","SUICIDE","TOT","100000PER","A","2005",39.4,
"LTU","SUICIDE","TOT","100000PER","A","2006",31.2,
"LTU","SUICIDE","TOT","100000PER","A","2007",31,
"LTU","SUICIDE","TOT","100000PER","A","2008",33.7,
"LTU","SUICIDE","TOT","100000PER","A","2009",34.5,
"LTU","SUICIDE","TOT","100000PER","A","2010",31.6,
"LTU","SUICIDE","TOT","100000PER","A","2011",32.2,
"LTU","SUICIDE","TOT","100000PER","A","2012",29.5,
"LTU","SUICIDE","TOT","100000PER","A","2013",34.8,
"LTU","SUICIDE","TOT","100000PER","A","2014",29.8,
"LTU","SUICIDE","TOT","100000PER","A","2015",29,
"LTU","SUICIDE","TOT","100000PER","A","2016",26.7,
"LTU","SUICIDE","TOT","100000PER","A","2017",24.4,
"CRI","SUICIDE","TOT","100000PER","A","1995",7.3,
"CRI","SUICIDE","TOT","100000PER","A","1996",6.9,
"CRI","SUICIDE","TOT","100000PER","A","1997",6.2,"B"
"CRI","SUICIDE","TOT","100000PER","A","1998",7,
"CRI","SUICIDE","TOT","100000PER","A","1999",7.1,
"CRI","SUICIDE","TOT","100000PER","A","2000",7.3,
"CRI","SUICIDE","TOT","100000PER","A","2001",6.6,
"CRI","SUICIDE","TOT","100000PER","A","2002",8.1,
"CRI","SUICIDE","TOT","100000PER","A","2003",8.8,
"CRI","SUICIDE","TOT","100000PER","A","2004",8.8,
"CRI","SUICIDE","TOT","100000PER","A","2005",7.2,
"CRI","SUICIDE","TOT","100000PER","A","2006",8.6,
"CRI","SUICIDE","TOT","100000PER","A","2007",6.4,
"CRI","SUICIDE","TOT","100000PER","A","2008",6.3,
"CRI","SUICIDE","TOT","100000PER","A","2009",6.6,
"CRI","SUICIDE","TOT","100000PER","A","2010",7.1,
"CRI","SUICIDE","TOT","100000PER","A","2011",7.1,
"CRI","SUICIDE","TOT","100000PER","A","2012",6.7,
"CRI","SUICIDE","TOT","100000PER","A","2013",7,
"CRI","SUICIDE","TOT","100000PER","A","2014",5.8,
